{
  "config_name": "top3",
  "best_hp": {
    "lambda1": 10,
    "beta": 1,
    "alpha": 10
  },
  "avg_metrics": {
    "hr@10": 0.29907501486448856,
    "ndcg@10": 0.3152315494841781,
    "hr@25": 0.28642921682021655,
    "ndcg@25": 0.29912388874402607
  },
  "std_metrics": {
    "hr@10": 0.0,
    "ndcg@10": 0.0,
    "hr@25": 0.0,
    "ndcg@25": 0.0
  },
  "tag_mode": "no_tags",
  "feature_names": [
    "actors",
    "directors",
    "genres"
  ],
  "bootstrap_ci": {
    "hr@10": {
      "mean": 0.29894189382799835,
      "lo": 0.28481633864947403,
      "hi": 0.31557355879802435
    },
    "ndcg@10": {
      "mean": 0.3152371057147266,
      "lo": 0.3001375379850704,
      "hi": 0.33326814587375625
    },
    "hr@25": {
      "mean": 0.28601403906178763,
      "lo": 0.27242969063578165,
      "hi": 0.3006350336455587
    },
    "ndcg@25": {
      "mean": 0.2988988481075933,
      "lo": 0.2854951014711726,
      "hi": 0.3143931765883262
    }
  }
}