config,split,hr@10,ndcg@10,hr@25,ndcg@25
top3,0,0.29907501486448856,0.3152315494841781,0.28642921682021655,0.29912388874402607
